{"TX":0,"PAA_TX":0,"RX":1,"PAA_RX":0,"Rorder":0,"MPC":[[]]}
{"TX":0,"PAA_TX":0,"RX":1,"PAA_RX":0,"Rorder":1,"MPC":[[[0.5,0.5,1.3,0.96153846153846156,0,1.4423076923076923,12.5,12.5,5],[0.5,0.5,1.3,23,8.6818181818181817,3.8227272727272723,12.5,12.5,5]]]}
{"TX":0,"PAA_TX":0,"RX":1,"PAA_RX":0,"Rorder":2,"MPC":[[[0.5,0.5,1.3,1.7692307692307692,0,1.4423076923076923,23,8.3636363636363633,3.8227272727272723,12.5,12.5,5],[0.5,0.5,1.3,0,0.67647058823529416,1.3544117647058824,23,8.7941176470588225,3.8573529411764707,12.5,12.5,5],[0.5,0.5,1.3,1.625,2,1.646875,3.125,0,2.109375,12.5,12.5,5]]]}
